time,index,ankle_angle,ankle_angle,ankle_angle,imu_ang_vel,imu_ang_vel,imu_ang_vel
12-23-13-095942,5.6 0,5.6 0,[0.],[0.],[0.],[0.],[0.]
12-23-13-106944,5.6 0,5.6 0,[0.],[0.],[0.],[0.],[0.]
12-23-13-115944,5.6 0,5.6 0,[0.],[0.],[0.],[0.],[0.]
12-23-13-126941,5.6 0,5.6 0,[0.],[0.],[0.],[0.],[0.]
12-23-13-135950,5.6 0,5.6 0,[0.],[0.],[0.],[0.],[0.]
12-23-13-146350,5.6 0,5.6 0,[0.],[0.],[0.],[0.],[0.]
12-23-13-157351,5.6 0,5.6 0,[0.],[0.],[0.],[0.],[0.]
12-23-13-166386,5.6 0,5.6 0,[0.],[0.],[0.],[0.],[0.]
12-23-13-177350,5.6 0,5.6 0,[0.],[0.],[0.],[0.],[0.]
12-23-13-186437,5.6 0,5.6 0,[0.],[0.],[0.],[0.],[0.]
12-23-13-196436,5.6 0,5.6 0,[0.],[0.],[0.],[0.],[0.]
12-23-13-205438,5.6 0,5.6 0,[0.],[0.],[0.],[0.],[0.]
12-23-13-215438,5.6 0,5.6 0,[0.],[0.],[0.],[0.],[0.]
12-23-13-226438,5.6 0,5.6 0,[0.],[0.],[0.],[0.],[0.]
12-23-13-235444,5.6 0,5.6 0,[0.],[0.],[0.],[0.],[0.]
12-23-13-245953,5.6 0,5.6 0,[0.],[0.],[0.],[0.],[0.]
12-23-13-255954,5.6 0,5.6 0,[0.],[0.],[0.],[0.],[0.]
12-23-13-265960,5.6 0,5.6 0,[0.],[0.],[0.],[0.],[0.]
12-23-13-276991,5.6 0,5.6 0,[0.],[0.],[0.],[0.],[0.]
12-23-13-285991,5.6 0,5.6 0,[0.],[0.],[0.],[0.],[0.]
12-23-13-295992,5.6 0,5.6 0,[0.],[0.],[0.],[0.],[0.]
12-23-13-305996,5.6 0,5.6 0,[0.],[0.],[0.],[0.],[0.]
12-23-13-316995,5.6 0,5.6 0,[0.],[0.],[0.],[0.],[0.]
12-23-13-326992,5.6 0,5.6 0,[0.],[0.],[0.],[0.],[0.]
12-23-13-336035,5.6 0,5.6 0,[0.],[0.],[0.],[0.],[0.]
12-23-13-346513,5.6 0,5.6 0,[0.],[0.],[0.],[0.],[0.]
12-23-13-355547,5.6 0,5.6 0,[0.],[0.],[0.],[0.],[0.]
12-23-13-366515,5.6 0,5.6 0,[0.],[0.],[0.],[0.],[0.]
12-23-13-375547,5.6 0,5.6 0,[0.],[0.],[0.],[0.],[0.]
12-23-13-386511,5.6 0,5.6 0,[0.],[0.],[0.],[0.],[0.]
12-23-13-396509,5.6 0,5.6 0,[0.],[0.],[0.],[0.],[0.]
12-23-13-405509,5.6 0,5.6 0,[0.],[0.],[0.],[0.],[0.]
12-23-13-415549,5.6 0,5.6 0,[0.],[0.],[0.],[0.],[0.]
12-23-13-426550,5.6 0,5.6 0,[0.],[0.],[0.],[0.],[0.]
12-23-13-435595,5.6 0,5.6 0,[0.],[0.],[0.],[0.],[0.]
12-23-13-446143,5.6 0,5.6 0,[0.],[0.],[0.],[0.],[0.]
12-23-13-457142,5.6 0,5.6 0,[0.],[0.],[0.],[0.],[0.]
12-23-13-466144,5.6 0,5.6 0,[0.],[0.],[0.],[0.],[0.]
12-23-13-476144,5.6 0,5.6 0,[0.],[0.],[0.],[0.],[0.]
12-23-13-486149,5.6 0,5.6 0,[0.],[0.],[0.],[0.],[0.]
12-23-13-497141,5.6 0,5.6 0,[0.],[0.],[0.],[0.],[0.]
12-23-13-506141,5.6 0,5.6 0,[0.],[0.],[0.],[0.],[0.]
12-23-13-516142,5.6 0,5.6 0,[0.],[0.],[0.],[0.],[0.]
12-23-13-526150,5.6 0,5.6 0,[0.],[0.],[0.],[0.],[0.]
12-23-13-536153,5.6 0,5.6 0,[0.],[0.],[0.],[0.],[0.]
12-23-13-546757,5.6 0,5.6 0,[0.],[0.],[0.],[0.],[0.]
12-23-13-556755,5.6 0,5.6 0,[0.],[0.],[0.],[0.],[0.]
12-23-13-565755,5.6 0,5.6 0,[0.],[0.],[0.],[0.],[0.]
12-23-13-575760,5.6 0,5.6 0,[0.],[0.],[0.],[0.],[0.]
12-23-13-586719,5.6 0,5.6 0,[0.],[0.],[0.],[0.],[0.]
12-23-13-595753,5.6 0,5.6 0,[0.],[0.],[0.],[0.],[0.]
12-23-13-605753,5.6 0,5.6 0,[0.],[0.],[0.],[0.],[0.]
12-23-13-616753,5.6 0,5.6 0,[0.],[0.],[0.],[0.],[0.]
12-23-13-625721,5.6 0,5.6 0,[0.],[0.],[0.],[0.],[0.]
12-23-13-635730,5.6 0,5.6 0,[0.],[0.],[0.],[0.],[0.]
12-23-13-646800,5.6 0,5.6 0,[0.],[0.],[0.],[0.],[0.]
12-23-13-656226,5.6 0,5.6 0,[0.],[0.],[0.],[0.],[0.]
12-23-13-667227,5.6 0,5.6 0,[0.],[0.],[0.],[0.],[0.]
12-23-13-677225,5.6 0,5.6 0,[0.],[0.],[0.],[0.],[0.]
12-23-13-686226,5.6 0,5.6 0,[0.],[0.],[0.],[0.],[0.]
12-23-13-697226,5.6 0,5.6 0,[0.],[0.],[0.],[0.],[0.]
12-23-13-706226,5.6 0,5.6 0,[0.],[0.],[0.],[0.],[0.]
12-23-13-717225,5.6 0,5.6 0,[0.],[0.],[0.],[0.],[0.]
12-23-13-726226,5.6 0,5.6 0,[0.],[0.],[0.],[0.],[0.]
12-23-13-736232,5.6 0,5.6 0,[0.],[0.],[0.],[0.],[0.]
12-23-13-746283,5.6 0,5.6 0,[0.],[0.],[0.],[0.],[0.]
12-23-13-757282,5.6 0,5.6 0,[0.],[0.],[0.],[0.],[0.]
12-23-13-767283,5.6 0,5.6 0,[0.],[0.],[0.],[0.],[0.]
12-23-13-777290,5.6 0,5.6 0,[0.],[0.],[0.],[0.],[0.]
12-23-13-786286,5.6 0,5.6 0,[0.],[0.],[0.],[0.],[0.]
12-23-13-797285,5.6 0,5.6 0,[0.],[0.],[0.],[0.],[0.]
12-23-13-806286,5.6 0,5.6 0,[0.],[0.],[0.],[0.],[0.]
12-23-13-817286,5.6 0,5.6 0,[0.],[0.],[0.],[0.],[0.]
12-23-13-826287,5.6 0,5.6 0,[0.],[0.],[0.],[0.],[0.]
12-23-13-837291,5.6 0,5.6 0,[0.],[0.],[0.],[0.],[0.]
12-23-13-846362,5.6 0,5.6 0,[0.],[0.],[0.],[0.],[0.]
12-23-13-857360,5.6 0,5.6 0,[0.],[0.],[0.],[0.],[0.]
12-23-13-866362,5.6 0,5.6 0,[0.],[0.],[0.],[0.],[0.]
12-23-13-877362,5.6 0,5.6 0,[0.],[0.],[0.],[0.],[0.]
12-23-13-887361,5.6 0,5.6 0,[0.],[0.],[0.],[0.],[0.]
12-23-13-897361,5.6 0,5.6 0,[0.],[0.],[0.],[0.],[0.]
12-23-13-906362,5.6 0,5.6 0,[0.],[0.],[0.],[0.],[0.]
12-23-13-917360,5.6 0,5.6 0,[0.],[0.],[0.],[0.],[0.]
12-23-13-927432,5.6 0,5.6 0,[0.],[0.],[0.],[0.],[0.]
12-23-13-935439,5.6 0,5.6 0,[0.],[0.],[0.],[0.],[0.]
12-23-13-945894,5.6 0,5.6 0,[0.],[0.],[0.],[0.],[0.]
12-23-13-955895,5.6 0,5.6 0,[0.],[0.],[0.],[0.],[0.]
12-23-13-966890,5.6 0,5.6 0,[0.],[0.],[0.],[0.],[0.]
12-23-13-976893,5.6 0,5.6 0,[0.],[0.],[0.],[0.],[0.]
12-23-13-986890,5.6 0,5.6 0,[0.],[0.],[0.],[0.],[0.]
12-23-13-996892,5.6 0,5.6 0,[0.],[0.],[0.],[0.],[0.]
12-23-14-006892,5.6 0,5.6 0,[0.],[0.],[0.],[0.],[0.]
12-23-14-017892,5.6 0,5.6 0,[0.],[0.],[0.],[0.],[0.]
12-23-14-025892,5.6 0,5.6 0,[0.],[0.],[0.],[0.],[0.]
12-23-14-035901,5.6 0,5.6 0,[0.],[0.],[0.],[0.],[0.]
12-23-14-046412,5.6 0,5.6 0,[0.],[0.],[0.],[0.],[0.]
12-23-14-056412,5.6 0,5.6 0,[0.],[0.],[0.],[0.],[0.]
12-23-14-066410,5.6 0,5.6 0,[0.],[0.],[0.],[0.],[0.]
12-23-14-076411,5.6 0,5.6 0,[0.],[0.],[0.],[0.],[0.]
12-23-14-086415,5.6 0,5.6 0,[0.],[0.],[0.],[0.],[0.]
12-23-14-095415,5.6 0,5.6 0,[0.],[0.],[0.],[0.],[0.]
12-23-14-105416,5.6 0,5.6 0,[0.],[0.],[0.],[0.],[0.]
12-23-14-115415,5.6 0,5.6 0,[0.],[0.],[0.],[0.],[0.]
12-23-14-125815,5.6 0,5.6 0,[0.],[0.],[0.],[0.],[0.]
12-23-14-135828,5.6 0,5.6 0,[0.],[0.],[0.],[0.],[0.]
12-23-14-146339,5.6 0,5.6 0,[0.],[0.],[0.],[0.],[0.]
12-23-14-157337,5.6 0,5.6 0,[0.],[0.],[0.],[0.],[0.]
12-23-14-166338,5.6 0,5.6 0,[0.],[0.],[0.],[0.],[0.]
12-23-14-177337,5.6 0,5.6 0,[0.],[0.],[0.],[0.],[0.]
12-23-14-186338,5.6 0,5.6 0,[0.],[0.],[0.],[0.],[0.]
12-23-14-197339,5.6 0,5.6 0,[0.],[0.],[0.],[0.],[0.]
12-23-14-207338,5.6 0,5.6 0,[0.],[0.],[0.],[0.],[0.]
12-23-14-216338,5.6 0,5.6 0,[0.],[0.],[0.],[0.],[0.]
12-23-14-228343,5.6 0,5.6 0,[0.],[0.],[0.],[0.],[0.]
12-23-14-236344,5.6 0,5.6 0,[0.],[0.],[0.],[0.],[0.]
12-23-14-246854,5.6 0,5.6 0,[0.],[0.],[0.],[0.],[0.]
12-23-14-255854,5.6 0,5.6 0,[0.],[0.],[0.],[0.],[0.]
12-23-14-265857,5.6 0,5.6 0,[0.],[0.],[0.],[0.],[0.]
12-23-14-276856,5.6 0,5.6 0,[0.],[0.],[0.],[0.],[0.]
12-23-14-285890,5.6 0,5.6 0,[0.],[0.],[0.],[0.],[0.]
12-23-14-295891,5.6 0,5.6 0,[0.],[0.],[0.],[0.],[0.]
12-23-14-306891,5.6 0,5.6 0,[0.],[0.],[0.],[0.],[0.]
12-23-14-315893,5.6 0,5.6 0,[0.],[0.],[0.],[0.],[0.]
12-23-14-326891,5.6 0,5.6 0,[0.],[0.],[0.],[0.],[0.]
12-23-14-335933,5.6 0,5.6 0,[0.],[0.],[0.],[0.],[0.]
12-23-14-346519,5.6 0,5.6 0,[0.],[0.],[0.],[0.],[0.]
12-23-14-355519,5.6 0,5.6 0,[0.],[0.],[0.],[0.],[0.]
12-23-14-365519,5.6 0,5.6 0,[0.],[0.],[0.],[0.],[0.]
12-23-14-375520,5.6 0,5.6 0,[0.],[0.],[0.],[0.],[0.]
12-23-14-386481,5.6 0,5.6 0,[0.],[0.],[0.],[0.],[0.]
12-23-14-395483,5.6 0,5.6 0,[0.],[0.],[0.],[0.],[0.]
12-23-14-405484,5.6 0,5.6 0,[0.],[0.],[0.],[0.],[0.]
12-23-14-416481,5.6 0,5.6 0,[0.],[0.],[0.],[0.],[0.]
12-23-14-426482,5.6 0,5.6 0,[0.],[0.],[0.],[0.],[0.]
12-23-14-435487,5.6 0,5.6 0,[0.],[0.],[0.],[0.],[0.]
12-23-14-445534,5.6 0,5.6 0,[0.],[0.],[0.],[0.],[0.]
12-23-14-455536,5.6 0,5.6 0,[0.],[0.],[0.],[0.],[0.]
12-23-14-466535,5.6 0,5.6 0,[0.],[0.],[0.],[0.],[0.]
12-23-14-476533,5.6 0,5.6 0,[0.],[0.],[0.],[0.],[0.]
12-23-14-485536,5.6 0,5.6 0,[0.],[0.],[0.],[0.],[0.]
12-23-14-495537,5.6 0,5.6 0,[0.],[0.],[0.],[0.],[0.]
12-23-14-506013,5.6 0,5.6 0,[0.],[0.],[0.],[0.],[0.]
12-23-14-517014,5.6 0,5.6 0,[0.],[0.],[0.],[0.],[0.]
12-23-14-526014,5.6 0,5.6 0,[0.],[0.],[0.],[0.],[0.]
12-23-14-536020,5.6 0,5.6 0,[0.],[0.],[0.],[0.],[0.]
12-23-14-546529,5.6 0,5.6 0,[0.],[0.],[0.],[0.],[0.]
12-23-14-555530,5.6 0,5.6 0,[0.],[0.],[0.],[0.],[0.]
12-23-14-566532,5.6 0,5.6 0,[0.],[0.],[0.],[0.],[0.]
12-23-14-576534,5.6 0,5.6 0,[0.],[0.],[0.],[0.],[0.]
12-23-14-586529,5.6 0,5.6 0,[0.],[0.],[0.],[0.],[0.]
12-23-14-595530,5.6 0,5.6 0,[0.],[0.],[0.],[0.],[0.]
12-23-14-605533,5.6 0,5.6 0,[0.],[0.],[0.],[0.],[0.]
12-23-14-616535,5.6 0,5.6 0,[0.],[0.],[0.],[0.],[0.]
12-23-14-626533,5.6 0,5.6 0,[0.],[0.],[0.],[0.],[0.]
12-23-14-635536,5.6 0,5.6 0,[0.],[0.],[0.],[0.],[0.]
12-23-14-646575,5.6 0,5.6 0,[0.],[0.],[0.],[0.],[0.]
12-23-14-655580,5.6 0,5.6 0,[0.],[0.],[0.],[0.],[0.]
12-23-14-665576,5.6 0,5.6 0,[0.],[0.],[0.],[0.],[0.]
12-23-14-675576,5.6 0,5.6 0,[0.],[0.],[0.],[0.],[0.]
12-23-14-685576,5.6 0,5.6 0,[0.],[0.],[0.],[0.],[0.]
12-23-14-695578,5.6 0,5.6 0,[0.],[0.],[0.],[0.],[0.]
12-23-14-706580,5.6 0,5.6 0,[0.],[0.],[0.],[0.],[0.]
12-23-14-715579,5.6 0,5.6 0,[0.],[0.],[0.],[0.],[0.]
12-23-14-726578,5.6 0,5.6 0,[0.],[0.],[0.],[0.],[0.]
12-23-14-735581,5.6 0,5.6 0,[0.],[0.],[0.],[0.],[0.]
12-23-14-747119,5.6 0,5.6 0,[0.],[0.],[0.],[0.],[0.]
12-23-14-758121,5.6 0,5.6 0,[0.],[0.],[0.],[0.],[0.]
12-23-14-767118,5.6 0,5.6 0,[0.],[0.],[0.],[0.],[0.]
12-23-14-777117,5.6 0,5.6 0,[0.],[0.],[0.],[0.],[0.]
12-23-14-787114,5.6 0,5.6 0,[0.],[0.],[0.],[0.],[0.]
12-23-14-797114,5.6 0,5.6 0,[0.],[0.],[0.],[0.],[0.]
12-23-14-807114,5.6 0,5.6 0,[0.],[0.],[0.],[0.],[0.]
12-23-14-817119,5.6 0,5.6 0,[0.],[0.],[0.],[0.],[0.]
12-23-14-826119,5.6 0,5.6 0,[0.],[0.],[0.],[0.],[0.]
12-23-14-836124,5.6 0,5.6 0,[0.],[0.],[0.],[0.],[0.]
12-23-14-846640,5.6 0,5.6 0,[0.],[0.],[0.],[0.],[0.]
12-23-14-856636,5.6 0,5.6 0,[0.],[0.],[0.],[0.],[0.]
12-23-14-866641,5.6 0,5.6 0,[0.],[0.],[0.],[0.],[0.]
12-23-14-876636,5.6 0,5.6 0,[0.],[0.],[0.],[0.],[0.]
12-23-14-886637,5.6 0,5.6 0,[0.],[0.],[0.],[0.],[0.]
12-23-14-896636,5.6 0,5.6 0,[0.],[0.],[0.],[0.],[0.]
12-23-14-905637,5.6 0,5.6 0,[0.],[0.],[0.],[0.],[0.]
12-23-14-916635,5.6 0,5.6 0,[0.],[0.],[0.],[0.],[0.]
12-23-14-925637,5.6 0,5.6 0,[0.],[0.],[0.],[0.],[0.]
12-23-14-935642,5.6 0,5.6 0,[0.],[0.],[0.],[0.],[0.]
12-23-14-946156,5.6 0,5.6 0,[0.],[0.],[0.],[0.],[0.]
12-23-14-956157,5.6 0,5.6 0,[0.],[0.],[0.],[0.],[0.]
12-23-14-966157,5.6 0,5.6 0,[0.],[0.],[0.],[0.],[0.]
12-23-14-976158,5.6 0,5.6 0,[0.],[0.],[0.],[0.],[0.]
12-23-14-987158,5.6 0,5.6 0,[0.],[0.],[0.],[0.],[0.]
12-23-14-997158,5.6 0,5.6 0,[0.],[0.],[0.],[0.],[0.]
12-23-15-006158,5.6 0,5.6 0,[0.],[0.],[0.],[0.],[0.]
12-23-15-016192,5.6 0,5.6 0,[0.],[0.],[0.],[0.],[0.]
12-23-15-026195,5.6 0,5.6 0,[0.],[0.],[0.],[0.],[0.]
12-23-15-036199,5.6 0,5.6 0,[0.],[0.],[0.],[0.],[0.]
12-23-15-046797,5.6 0,5.6 0,[0.],[0.],[0.],[0.],[0.]
12-23-15-055798,5.6 0,5.6 0,[0.],[0.],[0.],[0.],[0.]
12-23-15-066760,5.6 0,5.6 0,[0.],[0.],[0.],[0.],[0.]
12-23-15-075797,5.6 0,5.6 0,[0.],[0.],[0.],[0.],[0.]
12-23-15-086796,5.6 0,5.6 0,[0.],[0.],[0.],[0.],[0.]
12-23-15-095796,5.6 0,5.6 0,[0.],[0.],[0.],[0.],[0.]
12-23-15-105796,5.6 0,5.6 0,[0.],[0.],[0.],[0.],[0.]
12-23-15-116797,5.6 0,5.6 0,[0.],[0.],[0.],[0.],[0.]
12-23-15-127761,5.6 0,5.6 0,[0.],[0.],[0.],[0.],[0.]
12-23-15-135766,5.6 0,5.6 0,[0.],[0.],[0.],[0.],[0.]
12-23-15-146276,5.6 0,5.6 0,[0.],[0.],[0.],[0.],[0.]
12-23-15-156280,5.6 0,5.6 0,[0.],[0.],[0.],[0.],[0.]
12-23-15-166281,5.6 0,5.6 0,[0.],[0.],[0.],[0.],[0.]
12-23-15-175641,5.6 0,5.6 0,[0.],[0.],[0.],[0.],[0.]
12-23-15-186640,5.6 0,5.6 0,[0.],[0.],[0.],[0.],[0.]
12-23-15-196642,5.6 0,5.6 0,[0.],[0.],[0.],[0.],[0.]
12-23-15-205678,5.6 0,5.6 0,[0.],[0.],[0.],[0.],[0.]
12-23-15-216675,5.6 0,5.6 0,[0.],[0.],[0.],[0.],[0.]
12-23-15-225678,5.6 0,5.6 0,[0.],[0.],[0.],[0.],[0.]
12-23-15-235721,5.6 0,5.6 0,[0.],[0.],[0.],[0.],[0.]
12-23-15-246272,5.6 0,5.6 0,[0.],[0.],[0.],[0.],[0.]
12-23-15-256310,5.6 0,5.6 0,[0.],[0.],[0.],[0.],[0.]
12-23-15-267320,5.6 0,5.6 0,[0.],[0.],[0.],[0.],[0.]
12-23-15-277271,5.6 0,5.6 0,[0.],[0.],[0.],[0.],[0.]
12-23-15-286273,5.6 0,5.6 0,[0.],[0.],[0.],[0.],[0.]
12-23-15-297270,5.6 0,5.6 0,[0.],[0.],[0.],[0.],[0.]
12-23-15-306280,5.6 0,5.6 0,[0.],[0.],[0.],[0.],[0.]
12-23-15-317282,5.6 0,5.6 0,[0.],[0.],[0.],[0.],[0.]
12-23-15-327279,5.6 0,5.6 0,[0.],[0.],[0.],[0.],[0.]
12-23-15-336296,5.6 0,5.6 0,[0.],[0.],[0.],[0.],[0.]
12-23-15-347838,5.6 0,5.6 0,[0.],[0.],[0.],[0.],[0.]
12-23-15-355837,5.6 0,5.6 0,[0.],[0.],[0.],[0.],[0.]
12-23-15-365837,5.6 0,5.6 0,[0.],[0.],[0.],[0.],[0.]
12-23-15-376828,5.6 0,5.6 0,[0.],[0.],[0.],[0.],[0.]
12-23-15-385843,5.6 0,5.6 0,[0.],[0.],[0.],[0.],[0.]
12-23-15-396839,5.6 0,5.6 0,[0.],[0.],[0.],[0.],[0.]
12-23-15-405840,5.6 0,5.6 0,[0.],[0.],[0.],[0.],[0.]
12-23-15-415839,5.6 0,5.6 0,[0.],[0.],[0.],[0.],[0.]
12-23-15-426841,5.6 0,5.6 0,[0.],[0.],[0.],[0.],[0.]
12-23-15-436988,5.6 0,5.6 0,[0.],[0.],[0.],[0.],[0.]
12-23-15-446666,5.6 0,5.6 0,[0.],[0.],[0.],[0.],[0.]
12-23-15-456665,5.6 0,5.6 0,[0.],[0.],[0.],[0.],[0.]
12-23-15-465675,5.6 0,5.6 0,[0.],[0.],[0.],[0.],[0.]
12-23-15-476676,5.6 0,5.6 0,[0.],[0.],[0.],[0.],[0.]
12-23-15-486666,5.6 0,5.6 0,[0.],[0.],[0.],[0.],[0.]
12-23-15-495680,5.6 0,5.6 0,[0.],[0.],[0.],[0.],[0.]
12-23-15-506665,5.6 0,5.6 0,[0.],[0.],[0.],[0.],[0.]
12-23-15-515676,5.6 0,5.6 0,[0.],[0.],[0.],[0.],[0.]
12-23-15-526667,5.6 0,5.6 0,[0.],[0.],[0.],[0.],[0.]
12-23-15-536499,5.6 0,5.6 0,[0.],[0.],[0.],[0.],[0.]
12-23-15-545522,5.6 0,5.6 0,[0.],[0.],[0.],[0.],[0.]
12-23-15-556521,5.6 0,5.6 0,[0.],[0.],[0.],[0.],[0.]
12-23-15-565521,5.6 0,5.6 0,[0.],[0.],[0.],[0.],[0.]
12-23-15-575522,5.6 0,5.6 0,[0.],[0.],[0.],[0.],[0.]
12-23-15-585531,5.6 0,5.6 0,[0.],[0.],[0.],[0.],[0.]
12-23-15-597522,5.6 0,5.6 0,[0.],[0.],[0.],[0.],[0.]
12-23-15-605531,5.6 0,5.6 0,[0.],[0.],[0.],[0.],[0.]
12-23-15-616531,5.6 0,5.6 0,[0.],[0.],[0.],[0.],[0.]
12-23-15-627532,5.6 0,5.6 0,[0.],[0.],[0.],[0.],[0.]
12-23-15-635538,5.6 0,5.6 0,[0.],[0.],[0.],[0.],[0.]
12-23-15-645751,5.6 0,5.6 0,[0.],[0.],[0.],[0.],[0.]
12-23-15-655761,5.6 0,5.6 0,[0.],[0.],[0.],[0.],[0.]
12-23-15-666751,5.6 0,5.6 0,[0.],[0.],[0.],[0.],[0.]
12-23-15-677751,5.6 0,5.6 0,[0.],[0.],[0.],[0.],[0.]
12-23-15-686760,5.6 0,5.6 0,[0.],[0.],[0.],[0.],[0.]
12-23-15-696762,5.6 0,5.6 0,[0.],[0.],[0.],[0.],[0.]
12-23-15-706750,5.6 0,5.6 0,[0.],[0.],[0.],[0.],[0.]
12-23-15-715751,5.6 0,5.6 0,[0.],[0.],[0.],[0.],[0.]
12-23-15-725759,5.6 0,5.6 0,[0.],[0.],[0.],[0.],[0.]
12-23-15-736756,5.6 0,5.6 0,[0.],[0.],[0.],[0.],[0.]
12-23-15-745797,5.6 0,5.6 0,[0.],[0.],[0.],[0.],[0.]
12-23-15-755798,5.6 0,5.6 0,[0.],[0.],[0.],[0.],[0.]
12-23-15-765809,5.6 0,5.6 0,[0.],[0.],[0.],[0.],[0.]
12-23-15-775807,5.6 0,5.6 0,[0.],[0.],[0.],[0.],[0.]
12-23-15-786807,5.6 0,5.6 0,[0.],[0.],[0.],[0.],[0.]
12-23-15-796796,5.6 0,5.6 0,[0.],[0.],[0.],[0.],[0.]
12-23-15-805797,5.6 0,5.6 0,[0.],[0.],[0.],[0.],[0.]
12-23-15-816798,5.6 0,5.6 0,[0.],[0.],[0.],[0.],[0.]
12-23-15-826805,5.6 0,5.6 0,[0.],[0.],[0.],[0.],[0.]
12-23-15-835822,5.6 0,5.6 0,[0.],[0.],[0.],[0.],[0.]
12-23-15-845941,5.6 0,5.6 0,[0.],[0.],[0.],[0.],[0.]
12-23-15-855941,5.6 0,5.6 0,[0.],[0.],[0.],[0.],[0.]
12-23-15-865973,5.6 0,5.6 0,[0.],[0.],[0.],[0.],[0.]
12-23-15-876940,5.6 0,5.6 0,[0.],[0.],[0.],[0.],[0.]
12-23-15-885952,5.6 0,5.6 0,[0.],[0.],[0.],[0.],[0.]
12-23-15-896951,5.6 0,5.6 0,[0.],[0.],[0.],[0.],[0.]
12-23-15-906949,5.6 0,5.6 0,[0.],[0.],[0.],[0.],[0.]
12-23-15-915951,5.6 0,5.6 0,[0.],[0.],[0.],[0.],[0.]
12-23-15-926953,5.6 0,5.6 0,[0.],[0.],[0.],[0.],[0.]
12-23-15-935956,5.6 0,5.6 0,[0.],[0.],[0.],[0.],[0.]
12-23-15-946981,5.6 0,5.6 0,[0.],[0.],[0.],[0.],[0.]
12-23-15-956979,5.6 0,5.6 0,[0.],[0.],[0.],[0.],[0.]
12-23-15-965979,5.6 0,5.6 0,[0.],[0.],[0.],[0.],[0.]
12-23-15-975990,5.6 0,5.6 0,[0.],[0.],[0.],[0.],[0.]
12-23-15-985991,5.6 0,5.6 0,[0.],[0.],[0.],[0.],[0.]
12-23-15-996990,5.6 0,5.6 0,[0.],[0.],[0.],[0.],[0.]
12-23-16-006992,5.6 0,5.6 0,[0.],[0.],[0.],[0.],[0.]
12-23-16-016980,5.6 0,5.6 0,[0.],[0.],[0.],[0.],[0.]
12-23-16-025990,5.6 0,5.6 0,[0.],[0.],[0.],[0.],[0.]
12-23-16-036983,5.6 0,5.6 0,[0.],[0.],[0.],[0.],[0.]
12-23-16-046394,5.6 0,5.6 0,[0.],[0.],[0.],[0.],[0.]
12-23-16-056396,5.6 0,5.6 0,[0.],[0.],[0.],[0.],[0.]
12-23-16-067396,5.6 0,5.6 0,[0.],[0.],[0.],[0.],[0.]
12-23-16-078383,5.6 0,5.6 0,[0.],[0.],[0.],[0.],[0.]
12-23-16-086412,5.6 0,5.6 0,[0.],[0.],[0.],[0.],[0.]
12-23-16-096386,5.6 0,5.6 0,[0.],[0.],[0.],[0.],[0.]
12-23-16-106432,5.6 0,5.6 0,[0.],[0.],[0.],[0.],[0.]
12-23-16-117384,5.6 0,5.6 0,[0.],[0.],[0.],[0.],[0.]
12-23-16-126385,5.6 0,5.6 0,[0.],[0.],[0.],[0.],[0.]
12-23-16-136410,5.6 0,5.6 0,[0.],[0.],[0.],[0.],[0.]
12-23-16-145523,5.6 0,5.6 0,[0.],[0.],[0.],[0.],[0.]
12-23-16-155534,5.6 0,5.6 0,[0.],[0.],[0.],[0.],[0.]
12-23-16-166523,5.6 0,5.6 0,[0.],[0.],[0.],[0.],[0.]
12-23-16-175525,5.6 0,5.6 0,[0.],[0.],[0.],[0.],[0.]
12-23-16-187523,5.6 0,5.6 0,[0.],[0.],[0.],[0.],[0.]
12-23-16-196571,5.6 0,5.6 0,[0.],[0.],[0.],[0.],[0.]
12-23-16-205566,5.6 0,5.6 0,[0.],[0.],[0.],[0.],[0.]
12-23-16-215565,5.6 0,5.6 0,[0.],[0.],[0.],[0.],[0.]
12-23-16-225565,5.6 0,5.6 0,[0.],[0.],[0.],[0.],[0.]
12-23-16-236537,5.6 0,5.6 0,[0.],[0.],[0.],[0.],[0.]
12-23-16-246047,5.6 0,5.6 0,[0.],[0.],[0.],[0.],[0.]
12-23-16-256057,5.6 0,5.6 0,[0.],[0.],[0.],[0.],[0.]
12-23-16-268047,5.6 0,5.6 0,[0.],[0.],[0.],[0.],[0.]
12-23-16-277046,5.6 0,5.6 0,[0.],[0.],[0.],[0.],[0.]
12-23-16-286048,5.6 0,5.6 0,[0.],[0.],[0.],[0.],[0.]
12-23-16-296089,5.6 0,5.6 0,[0.],[0.],[0.],[0.],[0.]
12-23-16-306092,5.6 0,5.6 0,[0.],[0.],[0.],[0.],[0.]
12-23-16-317090,5.6 0,5.6 0,[0.],[0.],[0.],[0.],[0.]
12-23-16-326086,5.6 0,5.6 0,[0.],[0.],[0.],[0.],[0.]
12-23-16-336129,5.6 0,5.6 0,[0.],[0.],[0.],[0.],[0.]
12-23-16-346719,5.6 0,5.6 0,[0.],[0.],[0.],[0.],[0.]
12-23-16-355723,5.6 0,5.6 0,[0.],[0.],[0.],[0.],[0.]
12-23-16-366717,5.6 0,5.6 0,[0.],[0.],[0.],[0.],[0.]
12-23-16-376297,5.6 0,5.6 0,[0.],[0.],[0.],[0.],[0.]
12-23-16-386314,5.6 0,5.6 0,[0.],[0.],[0.],[0.],[0.]
12-23-16-396317,5.6 0,5.6 0,[0.],[0.],[0.],[0.],[0.]
12-23-16-407313,5.6 0,5.6 0,[0.],[0.],[0.],[0.],[0.]
12-23-16-416316,5.6 0,5.6 0,[0.],[0.],[0.],[0.],[0.]
12-23-16-427313,5.6 0,5.6 0,[0.],[0.],[0.],[0.],[0.]
12-23-16-436320,5.6 0,5.6 0,[0.],[0.],[0.],[0.],[0.]
12-23-16-446833,5.6 0,5.6 0,[0.],[0.],[0.],[0.],[0.]
12-23-16-455835,5.6 0,5.6 0,[0.],[0.],[0.],[0.],[0.]
12-23-16-466833,5.6 0,5.6 0,[0.],[0.],[0.],[0.],[0.]
12-23-16-475837,5.6 0,5.6 0,[0.],[0.],[0.],[0.],[0.]
12-23-16-486833,5.6 0,5.6 0,[0.],[0.],[0.],[0.],[0.]
12-23-16-495834,5.6 0,5.6 0,[0.],[0.],[0.],[0.],[0.]
12-23-16-505834,5.6 0,5.6 0,[0.],[0.],[0.],[0.],[0.]
12-23-16-516835,5.6 0,5.6 0,[0.],[0.],[0.],[0.],[0.]
12-23-16-526832,5.6 0,5.6 0,[0.],[0.],[0.],[0.],[0.]
12-23-16-535876,5.6 0,5.6 0,[0.],[0.],[0.],[0.],[0.]
12-23-16-546462,5.6 0,5.6 0,[0.],[0.],[0.],[0.],[0.]
12-23-16-556433,5.6 0,5.6 0,[0.],[0.],[0.],[0.],[0.]
12-23-16-566428,5.6 0,5.6 0,[0.],[0.],[0.],[0.],[0.]
12-23-16-576428,5.6 0,5.6 0,[0.],[0.],[0.],[0.],[0.]
12-23-16-586427,5.6 0,5.6 0,[0.],[0.],[0.],[0.],[0.]
12-23-16-595430,5.6 0,5.6 0,[0.],[0.],[0.],[0.],[0.]
12-23-16-605429,5.6 0,5.6 0,[0.],[0.],[0.],[0.],[0.]
12-23-16-615465,5.6 0,5.6 0,[0.],[0.],[0.],[0.],[0.]
12-23-16-625466,5.6 0,5.6 0,[0.],[0.],[0.],[0.],[0.]
12-23-16-635509,5.6 0,5.6 0,[0.],[0.],[0.],[0.],[0.]
12-23-16-646095,5.6 0,5.6 0,[0.],[0.],[0.],[0.],[0.]
12-23-16-657055,5.6 0,5.6 0,[0.],[0.],[0.],[0.],[0.]
12-23-16-666055,5.6 0,5.6 0,[0.],[0.],[0.],[0.],[0.]
12-23-16-676056,5.6 0,5.6 0,[0.],[0.],[0.],[0.],[0.]
12-23-16-686056,5.6 0,5.6 0,[0.],[0.],[0.],[0.],[0.]
12-23-16-697055,5.6 0,5.6 0,[0.],[0.],[0.],[0.],[0.]
12-23-16-706056,5.6 0,5.6 0,[0.],[0.],[0.],[0.],[0.]
12-23-16-716058,5.6 0,5.6 0,[0.],[0.],[0.],[0.],[0.]
12-23-16-727094,5.6 0,5.6 0,[0.],[0.],[0.],[0.],[0.]
12-23-16-736134,5.6 0,5.6 0,[0.],[0.],[0.],[0.],[0.]
12-23-16-746721,5.6 0,5.6 0,[0.],[0.],[0.],[0.],[0.]
12-23-16-755721,5.6 0,5.6 0,[0.],[0.],[0.],[0.],[0.]
12-23-16-766724,5.6 0,5.6 0,[0.],[0.],[0.],[0.],[0.]
12-23-16-776722,5.6 0,5.6 0,[0.],[0.],[0.],[0.],[0.]
12-23-16-785725,5.6 0,5.6 0,[0.],[0.],[0.],[0.],[0.]
12-23-16-796721,5.6 0,5.6 0,[0.],[0.],[0.],[0.],[0.]
12-23-16-805730,5.6 0,5.6 0,[0.],[0.],[0.],[0.],[0.]
12-23-16-816685,5.6 0,5.6 0,[0.],[0.],[0.],[0.],[0.]
12-23-16-826683,5.6 0,5.6 0,[0.],[0.],[0.],[0.],[0.]
12-23-16-835687,5.6 0,5.6 0,[0.],[0.],[0.],[0.],[0.]
12-23-16-846197,5.6 0,5.6 0,[0.],[0.],[0.],[0.],[0.]
12-23-16-857233,5.6 0,5.6 0,[0.],[0.],[0.],[0.],[0.]
12-23-16-867196,5.6 0,5.6 0,[0.],[0.],[0.],[0.],[0.]
12-23-16-876196,5.6 0,5.6 0,[0.],[0.],[0.],[0.],[0.]
12-23-16-886196,5.6 0,5.6 0,[0.],[0.],[0.],[0.],[0.]
12-23-16-897195,5.6 0,5.6 0,[0.],[0.],[0.],[0.],[0.]
12-23-16-906195,5.6 0,5.6 0,[0.],[0.],[0.],[0.],[0.]
12-23-16-917196,5.6 0,5.6 0,[0.],[0.],[0.],[0.],[0.]
12-23-16-927195,5.6 0,5.6 0,[0.],[0.],[0.],[0.],[0.]
12-23-16-936199,5.6 0,5.6 0,[0.],[0.],[0.],[0.],[0.]
12-23-16-946682,5.6 0,5.6 0,[0.],[0.],[0.],[0.],[0.]
12-23-16-955736,5.6 0,5.6 0,[0.],[0.],[0.],[0.],[0.]
12-23-16-966396,5.6 0,5.6 0,[0.],[0.],[0.],[0.],[0.]
12-23-16-977395,5.6 0,5.6 0,[0.],[0.],[0.],[0.],[0.]
12-23-16-987396,5.6 0,5.6 0,[0.],[0.],[0.],[0.],[0.]
12-23-16-997395,5.6 0,5.6 0,[0.],[0.],[0.],[0.],[0.]
12-23-17-007395,5.6 0,5.6 0,[0.],[0.],[0.],[0.],[0.]
12-23-17-016396,5.6 0,5.6 0,[0.],[0.],[0.],[0.],[0.]
12-23-17-026434,5.6 0,5.6 0,[0.],[0.],[0.],[0.],[0.]
12-23-17-035483,5.6 0,5.6 0,[0.],[0.],[0.],[0.],[0.]
12-23-17-045484,5.6 0,5.6 0,[0.],[0.],[0.],[0.],[0.]
12-23-17-056040,5.6 0,5.6 0,[0.],[0.],[0.],[0.],[0.]
12-23-17-066041,5.6 0,5.6 0,[0.],[0.],[0.],[0.],[0.]
12-23-17-077040,5.6 0,5.6 0,[0.],[0.],[0.],[0.],[0.]
12-23-17-086043,5.6 0,5.6 0,[0.],[0.],[0.],[0.],[0.]
12-23-17-096044,5.6 0,5.6 0,[0.],[0.],[0.],[0.],[0.]
12-23-17-107038,5.6 0,5.6 0,[0.],[0.],[0.],[0.],[0.]
12-23-17-116045,5.6 0,5.6 0,[0.],[0.],[0.],[0.],[0.]
12-23-17-127040,5.6 0,5.6 0,[0.],[0.],[0.],[0.],[0.]
12-23-17-136047,5.6 0,5.6 0,[0.],[0.],[0.],[0.],[0.]
12-23-17-146558,5.6 0,5.6 0,[0.],[0.],[0.],[0.],[0.]
12-23-17-156558,5.6 0,5.6 0,[0.],[0.],[0.],[0.],[0.]
12-23-17-166554,5.6 0,5.6 0,[0.],[0.],[0.],[0.],[0.]
12-23-17-176554,5.6 0,5.6 0,[0.],[0.],[0.],[0.],[0.]
12-23-17-185698,5.6 0,5.6 0,[0.],[0.],[0.],[0.],[0.]
12-23-17-196658,5.6 0,5.6 0,[0.],[0.],[0.],[0.],[0.]
12-23-17-205658,5.6 0,5.6 0,[0.],[0.],[0.],[0.],[0.]
12-23-17-215658,5.6 0,5.6 0,[0.],[0.],[0.],[0.],[0.]
12-23-17-226658,5.6 0,5.6 0,[0.],[0.],[0.],[0.],[0.]
12-23-17-235667,5.6 0,5.6 0,[0.],[0.],[0.],[0.],[0.]
12-23-17-246179,5.6 0,5.6 0,[0.],[0.],[0.],[0.],[0.]
12-23-17-256188,5.6 0,5.6 0,[0.],[0.],[0.],[0.],[0.]
12-23-17-266189,5.6 0,5.6 0,[0.],[0.],[0.],[0.],[0.]
12-23-17-276190,5.6 0,5.6 0,[0.],[0.],[0.],[0.],[0.]
12-23-17-287188,5.6 0,5.6 0,[0.],[0.],[0.],[0.],[0.]
12-23-17-296188,5.6 0,5.6 0,[0.],[0.],[0.],[0.],[0.]
12-23-17-307188,5.6 0,5.6 0,[0.],[0.],[0.],[0.],[0.]
12-23-17-316188,5.6 0,5.6 0,[0.],[0.],[0.],[0.],[0.]
12-23-17-327188,5.6 0,5.6 0,[0.],[0.],[0.],[0.],[0.]
12-23-17-336198,5.6 0,5.6 0,[0.],[0.],[0.],[0.],[0.]
12-23-17-346716,5.6 0,5.6 0,[0.],[0.],[0.],[0.],[0.]
12-23-17-355716,5.6 0,5.6 0,[0.],[0.],[0.],[0.],[0.]
12-23-17-366716,5.6 0,5.6 0,[0.],[0.],[0.],[0.],[0.]
12-23-17-376716,5.6 0,5.6 0,[0.],[0.],[0.],[0.],[0.]
12-23-17-385716,5.6 0,5.6 0,[0.],[0.],[0.],[0.],[0.]
12-23-17-396711,5.6 0,5.6 0,[0.],[0.],[0.],[0.],[0.]
12-23-17-405711,5.6 0,5.6 0,[0.],[0.],[0.],[0.],[0.]
12-23-17-415712,5.6 0,5.6 0,[0.],[0.],[0.],[0.],[0.]
12-23-17-426711,5.6 0,5.6 0,[0.],[0.],[0.],[0.],[0.]
12-23-17-435717,5.6 0,5.6 0,[0.],[0.],[0.],[0.],[0.]
12-23-17-446222,5.6 0,5.6 0,[0.],[0.],[0.],[0.],[0.]
12-23-17-456226,5.6 0,5.6 0,[0.],[0.],[0.],[0.],[0.]
12-23-17-466227,5.6 0,5.6 0,[0.],[0.],[0.],[0.],[0.]
12-23-17-476228,5.6 0,5.6 0,[0.],[0.],[0.],[0.],[0.]
12-23-17-487228,5.6 0,5.6 0,[0.],[0.],[0.],[0.],[0.]
12-23-17-497226,5.6 0,5.6 0,[0.],[0.],[0.],[0.],[0.]
12-23-17-507226,5.6 0,5.6 0,[0.],[0.],[0.],[0.],[0.]
12-23-17-517228,5.6 0,5.6 0,[0.],[0.],[0.],[0.],[0.]
12-23-17-527227,5.6 0,5.6 0,[0.],[0.],[0.],[0.],[0.]
12-23-17-536231,5.6 0,5.6 0,[0.],[0.],[0.],[0.],[0.]
12-23-17-546632,5.6 0,5.6 0,[0.],[0.],[0.],[0.],[0.]
12-23-17-556655,5.6 0,5.6 0,[0.],[0.],[0.],[0.],[0.]
12-23-17-565655,5.6 0,5.6 0,[0.],[0.],[0.],[0.],[0.]
12-23-17-575692,5.6 0,5.6 0,[0.],[0.],[0.],[0.],[0.]
12-23-17-586691,5.6 0,5.6 0,[0.],[0.],[0.],[0.],[0.]
12-23-17-595694,5.6 0,5.6 0,[0.],[0.],[0.],[0.],[0.]
12-23-17-605694,5.6 0,5.6 0,[0.],[0.],[0.],[0.],[0.]
12-23-17-616659,5.6 0,5.6 0,[0.],[0.],[0.],[0.],[0.]
12-23-17-626695,5.6 0,5.6 0,[0.],[0.],[0.],[0.],[0.]
12-23-17-635698,5.6 0,5.6 0,[0.],[0.],[0.],[0.],[0.]
12-23-17-645700,5.6 0,5.6 0,[0.],[0.],[0.],[0.],[0.]
12-23-17-656218,5.6 0,5.6 0,[0.],[0.],[0.],[0.],[0.]
12-23-17-666219,5.6 0,5.6 0,[0.],[0.],[0.],[0.],[0.]
12-23-17-676256,5.6 0,5.6 0,[0.],[0.],[0.],[0.],[0.]
12-23-17-687255,5.6 0,5.6 0,[0.],[0.],[0.],[0.],[0.]
12-23-17-696255,5.6 0,5.6 0,[0.],[0.],[0.],[0.],[0.]
12-23-17-707256,5.6 0,5.6 0,[0.],[0.],[0.],[0.],[0.]
12-23-17-717256,5.6 0,5.6 0,[0.],[0.],[0.],[0.],[0.]
12-23-17-726260,5.6 0,5.6 0,[0.],[0.],[0.],[0.],[0.]
12-23-17-736263,5.6 0,5.6 0,[0.],[0.],[0.],[0.],[0.]
12-23-17-746882,5.6 0,5.6 0,[0.],[0.],[0.],[0.],[0.]
12-23-17-755885,5.6 0,5.6 0,[0.],[0.],[0.],[0.],[0.]
12-23-17-765886,5.6 0,5.6 0,[0.],[0.],[0.],[0.],[0.]
12-23-17-776883,5.6 0,5.6 0,[0.],[0.],[0.],[0.],[0.]
12-23-17-786845,5.6 0,5.6 0,[0.],[0.],[0.],[0.],[0.]
12-23-17-795882,5.6 0,5.6 0,[0.],[0.],[0.],[0.],[0.]
12-23-17-805882,5.6 0,5.6 0,[0.],[0.],[0.],[0.],[0.]
12-23-17-815886,5.6 0,5.6 0,[0.],[0.],[0.],[0.],[0.]
12-23-17-826844,5.6 0,5.6 0,[0.],[0.],[0.],[0.],[0.]
12-23-17-835851,5.6 0,5.6 0,[0.],[0.],[0.],[0.],[0.]
12-23-17-845853,5.6 0,5.6 0,[0.],[0.],[0.],[0.],[0.]
12-23-17-856366,5.6 0,5.6 0,[0.],[0.],[0.],[0.],[0.]
12-23-17-867365,5.6 0,5.6 0,[0.],[0.],[0.],[0.],[0.]
12-23-17-877368,5.6 0,5.6 0,[0.],[0.],[0.],[0.],[0.]
12-23-17-887365,5.6 0,5.6 0,[0.],[0.],[0.],[0.],[0.]
12-23-17-896866,5.6 0,5.6 0,[0.],[0.],[0.],[0.],[0.]
12-23-17-905903,5.6 0,5.6 0,[0.],[0.],[0.],[0.],[0.]
12-23-17-915905,5.6 0,5.6 0,[0.],[0.],[0.],[0.],[0.]
12-23-17-925905,5.6 0,5.6 0,[0.],[0.],[0.],[0.],[0.]
12-23-17-935909,5.6 0,5.6 0,[0.],[0.],[0.],[0.],[0.]
12-23-17-945912,5.6 0,5.6 0,[0.],[0.],[0.],[0.],[0.]
12-23-17-956954,5.6 0,5.6 0,[0.],[0.],[0.],[0.],[0.]
12-23-17-965954,5.6 0,5.6 0,[0.],[0.],[0.],[0.],[0.]
12-23-17-975992,5.6 0,5.6 0,[0.],[0.],[0.],[0.],[0.]
12-23-17-986993,5.6 0,5.6 0,[0.],[0.],[0.],[0.],[0.]
12-23-17-996995,5.6 0,5.6 0,[0.],[0.],[0.],[0.],[0.]
12-23-18-006992,5.6 0,5.6 0,[0.],[0.],[0.],[0.],[0.]
12-23-18-015997,5.6 0,5.6 0,[0.],[0.],[0.],[0.],[0.]
12-23-18-026956,5.6 0,5.6 0,[0.],[0.],[0.],[0.],[0.]
12-23-18-036037,5.6 0,5.6 0,[0.],[0.],[0.],[0.],[0.]
12-23-18-046038,5.6 0,5.6 0,[0.],[0.],[0.],[0.],[0.]
12-23-18-055558,5.6 0,5.6 0,[0.],[0.],[0.],[0.],[0.]
12-23-18-066556,5.6 0,5.6 0,[0.],[0.],[0.],[0.],[0.]
12-23-18-075556,5.6 0,5.6 0,[0.],[0.],[0.],[0.],[0.]
12-23-18-085557,5.6 0,5.6 0,[0.],[0.],[0.],[0.],[0.]
12-23-18-096556,5.6 0,5.6 0,[0.],[0.],[0.],[0.],[0.]
12-23-18-105557,5.6 0,5.6 0,[0.],[0.],[0.],[0.],[0.]
12-23-18-116560,5.6 0,5.6 0,[0.],[0.],[0.],[0.],[0.]
12-23-18-126558,5.6 0,5.6 0,[0.],[0.],[0.],[0.],[0.]
12-23-18-135633,5.6 0,5.6 0,[0.],[0.],[0.],[0.],[0.]
12-23-18-146157,5.6 0,5.6 0,[0.],[0.],[0.],[0.],[0.]
12-23-18-156162,5.6 0,5.6 0,[0.],[0.],[0.],[0.],[0.]
12-23-18-166162,5.6 0,5.6 0,[0.],[0.],[0.],[0.],[0.]
12-23-18-176728,5.6 0,5.6 0,[0.],[0.],[0.],[0.],[0.]
12-23-18-186060,5.6 0,5.6 0,[0.],[0.],[0.],[0.],[0.]
12-23-18-197055,5.6 0,5.6 0,[0.],[0.],[0.],[0.],[0.]
12-23-18-206059,5.6 0,5.6 0,[0.],[0.],[0.],[0.],[0.]
12-23-18-217056,5.6 0,5.6 0,[0.],[0.],[0.],[0.],[0.]
12-23-18-227055,5.6 0,5.6 0,[0.],[0.],[0.],[0.],[0.]
12-23-18-236062,5.6 0,5.6 0,[0.],[0.],[0.],[0.],[0.]
12-23-18-246097,5.6 0,5.6 0,[0.],[0.],[0.],[0.],[0.]
12-23-18-255614,5.6 0,5.6 0,[0.],[0.],[0.],[0.],[0.]
12-23-18-265654,5.6 0,5.6 0,[0.],[0.],[0.],[0.],[0.]
12-23-18-276651,5.6 0,5.6 0,[0.],[0.],[0.],[0.],[0.]
12-23-18-285656,5.6 0,5.6 0,[0.],[0.],[0.],[0.],[0.]
12-23-18-295657,5.6 0,5.6 0,[0.],[0.],[0.],[0.],[0.]
12-23-18-306618,5.6 0,5.6 0,[0.],[0.],[0.],[0.],[0.]
12-23-18-316653,5.6 0,5.6 0,[0.],[0.],[0.],[0.],[0.]
12-23-18-325616,5.6 0,5.6 0,[0.],[0.],[0.],[0.],[0.]
12-23-18-335682,5.6 0,5.6 0,[0.],[0.],[0.],[0.],[0.]
12-23-18-346176,5.6 0,5.6 0,[0.],[0.],[0.],[0.],[0.]
12-23-18-357184,5.6 0,5.6 0,[0.],[0.],[0.],[0.],[0.]
12-23-18-367181,5.6 0,5.6 0,[0.],[0.],[0.],[0.],[0.]
12-23-18-376182,5.6 0,5.6 0,[0.],[0.],[0.],[0.],[0.]
12-23-18-386185,5.6 0,5.6 0,[0.],[0.],[0.],[0.],[0.]
12-23-18-397185,5.6 0,5.6 0,[0.],[0.],[0.],[0.],[0.]
12-23-18-406221,5.6 0,5.6 0,[0.],[0.],[0.],[0.],[0.]
12-23-18-417219,5.6 0,5.6 0,[0.],[0.],[0.],[0.],[0.]
12-23-18-427219,5.6 0,5.6 0,[0.],[0.],[0.],[0.],[0.]
12-23-18-436260,5.6 0,5.6 0,[0.],[0.],[0.],[0.],[0.]
12-23-18-446260,5.6 0,5.6 0,[0.],[0.],[0.],[0.],[0.]
12-23-18-455784,5.6 0,5.6 0,[0.],[0.],[0.],[0.],[0.]
12-23-18-465819,5.6 0,5.6 0,[0.],[0.],[0.],[0.],[0.]
12-23-18-476782,5.6 0,5.6 0,[0.],[0.],[0.],[0.],[0.]
12-23-18-486781,5.6 0,5.6 0,[0.],[0.],[0.],[0.],[0.]
12-23-18-496780,5.6 0,5.6 0,[0.],[0.],[0.],[0.],[0.]
12-23-18-506780,5.6 0,5.6 0,[0.],[0.],[0.],[0.],[0.]
12-23-18-516780,5.6 0,5.6 0,[0.],[0.],[0.],[0.],[0.]
12-23-18-526779,5.6 0,5.6 0,[0.],[0.],[0.],[0.],[0.]
12-23-18-535784,5.6 0,5.6 0,[0.],[0.],[0.],[0.],[0.]
12-23-18-546289,5.6 0,5.6 0,[0.],[0.],[0.],[0.],[0.]
12-23-18-556332,5.6 0,5.6 0,[0.],[0.],[0.],[0.],[0.]
12-23-18-567332,5.6 0,5.6 0,[0.],[0.],[0.],[0.],[0.]
12-23-18-576332,5.6 0,5.6 0,[0.],[0.],[0.],[0.],[0.]
12-23-18-587334,5.6 0,5.6 0,[0.],[0.],[0.],[0.],[0.]
12-23-18-596334,5.6 0,5.6 0,[0.],[0.],[0.],[0.],[0.]
12-23-18-607337,5.6 0,5.6 0,[0.],[0.],[0.],[0.],[0.]
12-23-18-617331,5.6 0,5.6 0,[0.],[0.],[0.],[0.],[0.]
12-23-18-627331,5.6 0,5.6 0,[0.],[0.],[0.],[0.],[0.]
12-23-18-636341,5.6 0,5.6 0,[0.],[0.],[0.],[0.],[0.]
12-23-18-646849,5.6 0,5.6 0,[0.],[0.],[0.],[0.],[0.]
12-23-18-655854,5.6 0,5.6 0,[0.],[0.],[0.],[0.],[0.]
12-23-18-665857,5.6 0,5.6 0,[0.],[0.],[0.],[0.],[0.]
12-23-18-676856,5.6 0,5.6 0,[0.],[0.],[0.],[0.],[0.]
12-23-18-686855,5.6 0,5.6 0,[0.],[0.],[0.],[0.],[0.]
12-23-18-695856,5.6 0,5.6 0,[0.],[0.],[0.],[0.],[0.]
12-23-18-705858,5.6 0,5.6 0,[0.],[0.],[0.],[0.],[0.]
12-23-18-717897,5.6 0,5.6 0,[0.],[0.],[0.],[0.],[0.]
12-23-18-727856,5.6 0,5.6 0,[0.],[0.],[0.],[0.],[0.]
12-23-18-735869,5.6 0,5.6 0,[0.],[0.],[0.],[0.],[0.]
12-23-18-746343,5.6 0,5.6 0,[0.],[0.],[0.],[0.],[0.]
12-23-18-755910,5.6 0,5.6 0,[0.],[0.],[0.],[0.],[0.]
12-23-18-766913,5.6 0,5.6 0,[0.],[0.],[0.],[0.],[0.]
12-23-18-775915,5.6 0,5.6 0,[0.],[0.],[0.],[0.],[0.]
12-23-18-785914,5.6 0,5.6 0,[0.],[0.],[0.],[0.],[0.]
12-23-18-795948,5.6 0,5.6 0,[0.],[0.],[0.],[0.],[0.]
12-23-18-806912,5.6 0,5.6 0,[0.],[0.],[0.],[0.],[0.]
12-23-18-816909,5.6 0,5.6 0,[0.],[0.],[0.],[0.],[0.]
12-23-18-825949,5.6 0,5.6 0,[0.],[0.],[0.],[0.],[0.]
12-23-18-835955,5.6 0,5.6 0,[0.],[0.],[0.],[0.],[0.]
12-23-18-846461,5.6 0,5.6 0,[0.],[0.],[0.],[0.],[0.]
12-23-18-855466,5.6 0,5.6 0,[0.],[0.],[0.],[0.],[0.]
12-23-18-865468,5.6 0,5.6 0,[0.],[0.],[0.],[0.],[0.]
12-23-18-877468,5.6 0,5.6 0,[0.],[0.],[0.],[0.],[0.]
12-23-18-886468,5.6 0,5.6 0,[0.],[0.],[0.],[0.],[0.]
12-23-18-896466,5.6 0,5.6 0,[0.],[0.],[0.],[0.],[0.]
12-23-18-905466,5.6 0,5.6 0,[0.],[0.],[0.],[0.],[0.]
12-23-18-915467,5.6 0,5.6 0,[0.],[0.],[0.],[0.],[0.]
12-23-18-925467,5.6 0,5.6 0,[0.],[0.],[0.],[0.],[0.]
12-23-18-935471,5.6 0,5.6 0,[0.],[0.],[0.],[0.],[0.]
12-23-18-945472,5.6 0,5.6 0,[0.],[0.],[0.],[0.],[0.]
12-23-18-955675,5.6 0,5.6 0,[0.],[0.],[0.],[0.],[0.]
12-23-18-966673,5.6 0,5.6 0,[0.],[0.],[0.],[0.],[0.]
12-23-18-976673,5.6 0,5.6 0,[0.],[0.],[0.],[0.],[0.]
12-23-18-986675,5.6 0,5.6 0,[0.],[0.],[0.],[0.],[0.]
12-23-18-996674,5.6 0,5.6 0,[0.],[0.],[0.],[0.],[0.]
12-23-19-005711,5.6 0,5.6 0,[0.],[0.],[0.],[0.],[0.]
12-23-19-016672,5.6 0,5.6 0,[0.],[0.],[0.],[0.],[0.]
12-23-19-025710,5.6 0,5.6 0,[0.],[0.],[0.],[0.],[0.]
12-23-19-036718,5.6 0,5.6 0,[0.],[0.],[0.],[0.],[0.]
12-23-19-046716,5.6 0,5.6 0,[0.],[0.],[0.],[0.],[0.]
12-23-19-056235,5.6 0,5.6 0,[0.],[0.],[0.],[0.],[0.]
12-23-19-066235,5.6 0,5.6 0,[0.],[0.],[0.],[0.],[0.]
12-23-19-077234,5.6 0,5.6 0,[0.],[0.],[0.],[0.],[0.]
12-23-19-086237,5.6 0,5.6 0,[0.],[0.],[0.],[0.],[0.]
12-23-19-097234,5.6 0,5.6 0,[0.],[0.],[0.],[0.],[0.]
12-23-19-106234,5.6 0,5.6 0,[0.],[0.],[0.],[0.],[0.]
12-23-19-117234,5.6 0,5.6 0,[0.],[0.],[0.],[0.],[0.]
12-23-19-126235,5.6 0,5.6 0,[0.],[0.],[0.],[0.],[0.]
12-23-19-136240,5.6 0,5.6 0,[0.],[0.],[0.],[0.],[0.]
12-23-19-146747,5.6 0,5.6 0,[0.],[0.],[0.],[0.],[0.]
12-23-19-155811,5.6 0,5.6 0,[0.],[0.],[0.],[0.],[0.]
12-23-19-166330,5.6 0,5.6 0,[0.],[0.],[0.],[0.],[0.]
12-23-19-176369,5.6 0,5.6 0,[0.],[0.],[0.],[0.],[0.]
12-23-19-186372,5.6 0,5.6 0,[0.],[0.],[0.],[0.],[0.]
12-23-19-197372,5.6 0,5.6 0,[0.],[0.],[0.],[0.],[0.]
12-23-19-207371,5.6 0,5.6 0,[0.],[0.],[0.],[0.],[0.]
12-23-19-216372,5.6 0,5.6 0,[0.],[0.],[0.],[0.],[0.]
12-23-19-227370,5.6 0,5.6 0,[0.],[0.],[0.],[0.],[0.]
12-23-19-236411,5.6 0,5.6 0,[0.],[0.],[0.],[0.],[0.]
12-23-19-245413,5.6 0,5.6 0,[0.],[0.],[0.],[0.],[0.]
12-23-19-255999,5.6 0,5.6 0,[0.],[0.],[0.],[0.],[0.]
12-23-19-265999,5.6 0,5.6 0,[0.],[0.],[0.],[0.],[0.]
12-23-19-276962,5.6 0,5.6 0,[0.],[0.],[0.],[0.],[0.]
12-23-19-285963,5.6 0,5.6 0,[0.],[0.],[0.],[0.],[0.]
12-23-19-295965,5.6 0,5.6 0,[0.],[0.],[0.],[0.],[0.]
12-23-19-305997,5.6 0,5.6 0,[0.],[0.],[0.],[0.],[0.]
12-23-19-316965,5.6 0,5.6 0,[0.],[0.],[0.],[0.],[0.]
12-23-19-325966,5.6 0,5.6 0,[0.],[0.],[0.],[0.],[0.]
12-23-19-336010,5.6 0,5.6 0,[0.],[0.],[0.],[0.],[0.]
12-23-19-347016,5.6 0,5.6 0,[0.],[0.],[0.],[0.],[0.]
12-23-19-356534,5.6 0,5.6 0,[0.],[0.],[0.],[0.],[0.]
12-23-19-365539,5.6 0,5.6 0,[0.],[0.],[0.],[0.],[0.]
12-23-19-376502,5.6 0,5.6 0,[0.],[0.],[0.],[0.],[0.]
12-23-19-386502,5.6 0,5.6 0,[0.],[0.],[0.],[0.],[0.]
12-23-19-395534,5.6 0,5.6 0,[0.],[0.],[0.],[0.],[0.]
12-23-19-405535,5.6 0,5.6 0,[0.],[0.],[0.],[0.],[0.]
12-23-19-416534,5.6 0,5.6 0,[0.],[0.],[0.],[0.],[0.]
12-23-19-425536,5.6 0,5.6 0,[0.],[0.],[0.],[0.],[0.]
12-23-19-435584,5.6 0,5.6 0,[0.],[0.],[0.],[0.],[0.]
12-23-19-447126,5.6 0,5.6 0,[0.],[0.],[0.],[0.],[0.]
12-23-19-456169,5.6 0,5.6 0,[0.],[0.],[0.],[0.],[0.]
12-23-19-466172,5.6 0,5.6 0,[0.],[0.],[0.],[0.],[0.]
12-23-19-476175,5.6 0,5.6 0,[0.],[0.],[0.],[0.],[0.]
12-23-19-487170,5.6 0,5.6 0,[0.],[0.],[0.],[0.],[0.]
12-23-19-497168,5.6 0,5.6 0,[0.],[0.],[0.],[0.],[0.]
12-23-19-506602,5.6 0,5.6 0,[0.],[0.],[0.],[0.],[0.]
12-23-19-516115,5.6 0,5.6 0,[0.],[0.],[0.],[0.],[0.]
12-23-19-526116,5.6 0,5.6 0,[0.],[0.],[0.],[0.],[0.]
12-23-19-536123,5.6 0,5.6 0,[0.],[0.],[0.],[0.],[0.]
12-23-19-546123,5.6 0,5.6 0,[0.],[0.],[0.],[0.],[0.]
12-23-19-556199,5.6 0,5.6 0,[0.],[0.],[0.],[0.],[0.]
12-23-19-567199,5.6 0,5.6 0,[0.],[0.],[0.],[0.],[0.]
12-23-19-577199,5.6 0,5.6 0,[0.],[0.],[0.],[0.],[0.]
12-23-19-586200,5.6 0,5.6 0,[0.],[0.],[0.],[0.],[0.]
12-23-19-596201,5.6 0,5.6 0,[0.],[0.],[0.],[0.],[0.]
12-23-19-607198,5.6 0,5.6 0,[0.],[0.],[0.],[0.],[0.]
12-23-19-616198,5.6 0,5.6 0,[0.],[0.],[0.],[0.],[0.]
12-23-19-626233,5.6 0,5.6 0,[0.],[0.],[0.],[0.],[0.]
12-23-19-636278,5.6 0,5.6 0,[0.],[0.],[0.],[0.],[0.]
12-23-19-647278,5.6 0,5.6 0,[0.],[0.],[0.],[0.],[0.]
12-23-19-655833,5.6 0,5.6 0,[0.],[0.],[0.],[0.],[0.]
12-23-19-666796,5.6 0,5.6 0,[0.],[0.],[0.],[0.],[0.]
12-23-19-677797,5.6 0,5.6 0,[0.],[0.],[0.],[0.],[0.]
12-23-19-685797,5.6 0,5.6 0,[0.],[0.],[0.],[0.],[0.]
12-23-19-696795,5.6 0,5.6 0,[0.],[0.],[0.],[0.],[0.]
12-23-19-705796,5.6 0,5.6 0,[0.],[0.],[0.],[0.],[0.]
12-23-19-715831,5.6 0,5.6 0,[0.],[0.],[0.],[0.],[0.]
12-23-19-725833,5.6 0,5.6 0,[0.],[0.],[0.],[0.],[0.]
12-23-19-736809,5.6 0,5.6 0,[0.],[0.],[0.],[0.],[0.]
12-23-19-745809,5.6 0,5.6 0,[0.],[0.],[0.],[0.],[0.]
12-23-19-756327,5.6 0,5.6 0,[0.],[0.],[0.],[0.],[0.]
12-23-19-766328,5.6 0,5.6 0,[0.],[0.],[0.],[0.],[0.]
12-23-19-776328,5.6 0,5.6 0,[0.],[0.],[0.],[0.],[0.]
12-23-19-786328,5.6 0,5.6 0,[0.],[0.],[0.],[0.],[0.]
12-23-19-796362,5.6 0,5.6 0,[0.],[0.],[0.],[0.],[0.]
12-23-19-806361,5.6 0,5.6 0,[0.],[0.],[0.],[0.],[0.]
12-23-19-816361,5.6 0,5.6 0,[0.],[0.],[0.],[0.],[0.]
12-23-19-826368,5.6 0,5.6 0,[0.],[0.],[0.],[0.],[0.]
12-23-19-836407,5.6 0,5.6 0,[0.],[0.],[0.],[0.],[0.]
12-23-19-845411,5.6 0,5.6 0,[0.],[0.],[0.],[0.],[0.]
12-23-19-855995,5.6 0,5.6 0,[0.],[0.],[0.],[0.],[0.]
12-23-19-866998,5.6 0,5.6 0,[0.],[0.],[0.],[0.],[0.]
12-23-19-876957,5.6 0,5.6 0,[0.],[0.],[0.],[0.],[0.]
12-23-19-885958,5.6 0,5.6 0,[0.],[0.],[0.],[0.],[0.]
12-23-19-896957,5.6 0,5.6 0,[0.],[0.],[0.],[0.],[0.]
12-23-19-906958,5.6 0,5.6 0,[0.],[0.],[0.],[0.],[0.]
12-23-19-915958,5.6 0,5.6 0,[0.],[0.],[0.],[0.],[0.]
12-23-19-925995,5.6 0,5.6 0,[0.],[0.],[0.],[0.],[0.]
12-23-19-936041,5.6 0,5.6 0,[0.],[0.],[0.],[0.],[0.]
12-23-19-947509,5.6 0,5.6 0,[0.],[0.],[0.],[0.],[0.]
12-23-19-955516,5.6 0,5.6 0,[0.],[0.],[0.],[0.],[0.]
12-23-19-967514,5.6 0,5.6 0,[0.],[0.],[0.],[0.],[0.]
12-23-19-975514,5.6 0,5.6 0,[0.],[0.],[0.],[0.],[0.]
12-23-19-985514,5.6 0,5.6 0,[0.],[0.],[0.],[0.],[0.]
12-23-19-995552,5.6 0,5.6 0,[0.],[0.],[0.],[0.],[0.]
12-23-20-006552,5.6 0,5.6 0,[0.],[0.],[0.],[0.],[0.]
12-23-20-015557,5.6 0,5.6 0,[0.],[0.],[0.],[0.],[0.]
12-23-20-025557,5.6 0,5.6 0,[0.],[0.],[0.],[0.],[0.]
12-23-20-035598,5.6 0,5.6 0,[0.],[0.],[0.],[0.],[0.]
12-23-20-045599,5.6 0,5.6 0,[0.],[0.],[0.],[0.],[0.]
12-23-20-055759,5.6 0,5.6 0,[0.],[0.],[0.],[0.],[0.]
12-23-20-066722,5.6 0,5.6 0,[0.],[0.],[0.],[0.],[0.]
12-23-20-075757,5.6 0,5.6 0,[0.],[0.],[0.],[0.],[0.]
12-23-20-086721,5.6 0,5.6 0,[0.],[0.],[0.],[0.],[0.]
12-23-20-096721,5.6 0,5.6 0,[0.],[0.],[0.],[0.],[0.]
12-23-20-106721,5.6 0,5.6 0,[0.],[0.],[0.],[0.],[0.]
12-23-20-116719,5.6 0,5.6 0,[0.],[0.],[0.],[0.],[0.]
12-23-20-126721,5.6 0,5.6 0,[0.],[0.],[0.],[0.],[0.]
12-23-20-135728,5.6 0,5.6 0,[0.],[0.],[0.],[0.],[0.]
12-23-20-146728,5.6 0,5.6 0,[0.],[0.],[0.],[0.],[0.]
12-23-20-155888,5.6 0,5.6 0,[0.],[0.],[0.],[0.],[0.]
12-23-20-166886,5.6 0,5.6 0,[0.],[0.],[0.],[0.],[0.]
12-23-20-175887,5.6 0,5.6 0,[0.],[0.],[0.],[0.],[0.]
12-23-20-186886,5.6 0,5.6 0,[0.],[0.],[0.],[0.],[0.]
12-23-20-196887,5.6 0,5.6 0,[0.],[0.],[0.],[0.],[0.]
12-23-20-205922,5.6 0,5.6 0,[0.],[0.],[0.],[0.],[0.]
12-23-20-215928,5.6 0,5.6 0,[0.],[0.],[0.],[0.],[0.]
12-23-20-226924,5.6 0,5.6 0,[0.],[0.],[0.],[0.],[0.]
12-23-20-235967,5.6 0,5.6 0,[0.],[0.],[0.],[0.],[0.]
12-23-20-246968,5.6 0,5.6 0,[0.],[0.],[0.],[0.],[0.]
12-23-20-256119,5.6 0,5.6 0,[0.],[0.],[0.],[0.],[0.]
12-23-20-266153,5.6 0,5.6 0,[0.],[0.],[0.],[0.],[0.]
12-23-20-277117,5.6 0,5.6 0,[0.],[0.],[0.],[0.],[0.]
12-23-20-287117,5.6 0,5.6 0,[0.],[0.],[0.],[0.],[0.]
12-23-20-297116,5.6 0,5.6 0,[0.],[0.],[0.],[0.],[0.]
12-23-20-307115,5.6 0,5.6 0,[0.],[0.],[0.],[0.],[0.]
12-23-20-317115,5.6 0,5.6 0,[0.],[0.],[0.],[0.],[0.]
12-23-20-326116,5.6 0,5.6 0,[0.],[0.],[0.],[0.],[0.]
12-23-20-336120,5.6 0,5.6 0,[0.],[0.],[0.],[0.],[0.]
12-23-20-346121,5.6 0,5.6 0,[0.],[0.],[0.],[0.],[0.]
12-23-20-356633,5.6 0,5.6 0,[0.],[0.],[0.],[0.],[0.]
12-23-20-367634,5.6 0,5.6 0,[0.],[0.],[0.],[0.],[0.]
12-23-20-375671,5.6 0,5.6 0,[0.],[0.],[0.],[0.],[0.]
12-23-20-385670,5.6 0,5.6 0,[0.],[0.],[0.],[0.],[0.]
12-23-20-396635,5.6 0,5.6 0,[0.],[0.],[0.],[0.],[0.]
12-23-20-405637,5.6 0,5.6 0,[0.],[0.],[0.],[0.],[0.]
12-23-20-415670,5.6 0,5.6 0,[0.],[0.],[0.],[0.],[0.]
12-23-20-425680,5.6 0,5.6 0,[0.],[0.],[0.],[0.],[0.]
12-23-20-435715,5.6 0,5.6 0,[0.],[0.],[0.],[0.],[0.]
12-23-20-446679,5.6 0,5.6 0,[0.],[0.],[0.],[0.],[0.]
12-23-20-456195,5.6 0,5.6 0,[0.],[0.],[0.],[0.],[0.]
12-23-20-467192,5.6 0,5.6 0,[0.],[0.],[0.],[0.],[0.]
12-23-20-476195,5.6 0,5.6 0,[0.],[0.],[0.],[0.],[0.]
12-23-20-487192,5.6 0,5.6 0,[0.],[0.],[0.],[0.],[0.]
12-23-20-497191,5.6 0,5.6 0,[0.],[0.],[0.],[0.],[0.]
12-23-20-507850,5.6 0,5.6 0,[0.],[0.],[0.],[0.],[0.]
12-23-20-516897,5.6 0,5.6 0,[0.],[0.],[0.],[0.],[0.]
12-23-20-526897,5.6 0,5.6 0,[0.],[0.],[0.],[0.],[0.]
12-23-20-535902,5.6 0,5.6 0,[0.],[0.],[0.],[0.],[0.]
12-23-20-546902,5.6 0,5.6 0,[0.],[0.],[0.],[0.],[0.]
12-23-20-556416,5.6 0,5.6 0,[0.],[0.],[0.],[0.],[0.]
12-23-20-566416,5.6 0,5.6 0,[0.],[0.],[0.],[0.],[0.]
12-23-20-575416,5.6 0,5.6 0,[0.],[0.],[0.],[0.],[0.]
12-23-20-585418,5.6 0,5.6 0,[0.],[0.],[0.],[0.],[0.]
12-23-20-595451,5.6 0,5.6 0,[0.],[0.],[0.],[0.],[0.]
12-23-20-605453,5.6 0,5.6 0,[0.],[0.],[0.],[0.],[0.]
12-23-20-616451,5.6 0,5.6 0,[0.],[0.],[0.],[0.],[0.]
12-23-20-625422,5.6 0,5.6 0,[0.],[0.],[0.],[0.],[0.]
12-23-20-635429,5.6 0,5.6 0,[0.],[0.],[0.],[0.],[0.]
12-23-20-645465,5.6 0,5.6 0,[0.],[0.],[0.],[0.],[0.]
12-23-20-656014,5.6 0,5.6 0,[0.],[0.],[0.],[0.],[0.]
12-23-20-666014,5.6 0,5.6 0,[0.],[0.],[0.],[0.],[0.]
12-23-20-677016,5.6 0,5.6 0,[0.],[0.],[0.],[0.],[0.]
12-23-20-686018,5.6 0,5.6 0,[0.],[0.],[0.],[0.],[0.]
12-23-20-698015,5.6 0,5.6 0,[0.],[0.],[0.],[0.],[0.]
12-23-20-707016,5.6 0,5.6 0,[0.],[0.],[0.],[0.],[0.]
12-23-20-717026,5.6 0,5.6 0,[0.],[0.],[0.],[0.],[0.]
12-23-20-726017,5.6 0,5.6 0,[0.],[0.],[0.],[0.],[0.]
12-23-20-736039,5.6 0,5.6 0,[0.],[0.],[0.],[0.],[0.]
12-23-20-747027,5.6 0,5.6 0,[0.],[0.],[0.],[0.],[0.]
12-23-20-756546,5.6 0,5.6 0,[0.],[0.],[0.],[0.],[0.]
12-23-20-767545,5.6 0,5.6 0,[0.],[0.],[0.],[0.],[0.]
12-23-20-775544,5.6 0,5.6 0,[0.],[0.],[0.],[0.],[0.]
12-23-20-786542,5.6 0,5.6 0,[0.],[0.],[0.],[0.],[0.]
12-23-20-795542,5.6 0,5.6 0,[0.],[0.],[0.],[0.],[0.]
12-23-20-806542,5.6 0,5.6 0,[0.],[0.],[0.],[0.],[0.]
12-23-20-816542,5.6 0,5.6 0,[0.],[0.],[0.],[0.],[0.]
12-23-20-827542,5.6 0,5.6 0,[0.],[0.],[0.],[0.],[0.]
12-23-20-836547,5.6 0,5.6 0,[0.],[0.],[0.],[0.],[0.]
12-23-20-846548,5.6 0,5.6 0,[0.],[0.],[0.],[0.],[0.]
12-23-20-856061,5.6 0,5.6 0,[0.],[0.],[0.],[0.],[0.]
12-23-20-866062,5.6 0,5.6 0,[0.],[0.],[0.],[0.],[0.]
12-23-20-876069,5.6 0,5.6 0,[0.],[0.],[0.],[0.],[0.]
12-23-20-886070,5.6 0,5.6 0,[0.],[0.],[0.],[0.],[0.]
12-23-20-897059,5.6 0,5.6 0,[0.],[0.],[0.],[0.],[0.]
12-23-20-908068,5.6 0,5.6 0,[0.],[0.],[0.],[0.],[0.]
12-23-20-916071,5.6 0,5.6 0,[0.],[0.],[0.],[0.],[0.]
12-23-20-926071,5.6 0,5.6 0,[0.],[0.],[0.],[0.],[0.]
12-23-20-936065,5.6 0,5.6 0,[0.],[0.],[0.],[0.],[0.]
12-23-20-946069,5.6 0,5.6 0,[0.],[0.],[0.],[0.],[0.]
12-23-20-956582,5.6 0,5.6 0,[0.],[0.],[0.],[0.],[0.]
12-23-20-965619,5.6 0,5.6 0,[0.],[0.],[0.],[0.],[0.]
12-23-20-975654,5.6 0,5.6 0,[0.],[0.],[0.],[0.],[0.]
12-23-20-985656,5.6 0,5.6 0,[0.],[0.],[0.],[0.],[0.]
12-23-20-995748,5.6 0,5.6 0,[0.],[0.],[0.],[0.],[0.]
12-23-21-006634,5.6 0,5.6 0,[0.],[0.],[0.],[0.],[0.]
12-23-21-015607,5.6 0,5.6 0,[0.],[0.],[0.],[0.],[0.]
12-23-21-026580,5.6 0,5.6 0,[0.],[0.],[0.],[0.],[0.]
12-23-21-035600,5.6 0,5.6 0,[0.],[0.],[0.],[0.],[0.]
12-23-21-045609,5.6 0,5.6 0,[0.],[0.],[0.],[0.],[0.]
12-23-21-055636,5.6 0,5.6 0,[0.],[0.],[0.],[0.],[0.]
12-23-21-065644,5.6 0,5.6 0,[0.],[0.],[0.],[0.],[0.]
12-23-21-075646,5.6 0,5.6 0,[0.],[0.],[0.],[0.],[0.]
12-23-21-085640,5.6 0,5.6 0,[0.],[0.],[0.],[0.],[0.]
12-23-21-096636,5.6 0,5.6 0,[0.],[0.],[0.],[0.],[0.]
12-23-21-105637,5.6 0,5.6 0,[0.],[0.],[0.],[0.],[0.]
12-23-21-116638,5.6 0,5.6 0,[0.],[0.],[0.],[0.],[0.]
12-23-21-126640,5.6 0,5.6 0,[0.],[0.],[0.],[0.],[0.]
12-23-21-135643,5.6 0,5.6 0,[0.],[0.],[0.],[0.],[0.]
12-23-21-147641,5.6 0,5.6 0,[0.],[0.],[0.],[0.],[0.]
12-23-21-157154,5.6 0,5.6 0,[0.],[0.],[0.],[0.],[0.]
12-23-21-166155,5.6 0,5.6 0,[0.],[0.],[0.],[0.],[0.]
12-23-21-178154,5.6 0,5.6 0,[0.],[0.],[0.],[0.],[0.]
12-23-21-187163,5.6 0,5.6 0,[0.],[0.],[0.],[0.],[0.]
12-23-21-196163,5.6 0,5.6 0,[0.],[0.],[0.],[0.],[0.]
12-23-21-207154,5.6 0,5.6 0,[0.],[0.],[0.],[0.],[0.]
12-23-21-216164,5.6 0,5.6 0,[0.],[0.],[0.],[0.],[0.]
12-23-21-227155,5.6 0,5.6 0,[0.],[0.],[0.],[0.],[0.]
12-23-21-236177,5.6 0,5.6 0,[0.],[0.],[0.],[0.],[0.]
12-23-21-246185,5.6 0,5.6 0,[0.],[0.],[0.],[0.],[0.]
12-23-21-256706,5.6 0,5.6 0,[0.],[0.],[0.],[0.],[0.]
12-23-21-267698,5.6 0,5.6 0,[0.],[0.],[0.],[0.],[0.]
12-23-21-275701,5.6 0,5.6 0,[0.],[0.],[0.],[0.],[0.]
12-23-21-286703,5.6 0,5.6 0,[0.],[0.],[0.],[0.],[0.]
12-23-21-296701,5.6 0,5.6 0,[0.],[0.],[0.],[0.],[0.]
12-23-21-306704,5.6 0,5.6 0,[0.],[0.],[0.],[0.],[0.]
12-23-21-316693,5.6 0,5.6 0,[0.],[0.],[0.],[0.],[0.]
12-23-21-326694,5.6 0,5.6 0,[0.],[0.],[0.],[0.],[0.]
12-23-21-335716,5.6 0,5.6 0,[0.],[0.],[0.],[0.],[0.]
12-23-21-345717,5.6 0,5.6 0,[0.],[0.],[0.],[0.],[0.]
12-23-21-356231,5.6 0,5.6 0,[0.],[0.],[0.],[0.],[0.]
12-23-21-366234,5.6 0,5.6 0,[0.],[0.],[0.],[0.],[0.]
12-23-21-377230,5.6 0,5.6 0,[0.],[0.],[0.],[0.],[0.]
12-23-21-386231,5.6 0,5.6 0,[0.],[0.],[0.],[0.],[0.]
12-23-21-397232,5.6 0,5.6 0,[0.],[0.],[0.],[0.],[0.]
12-23-21-407244,5.6 0,5.6 0,[0.],[0.],[0.],[0.],[0.]
12-23-21-416241,5.6 0,5.6 0,[0.],[0.],[0.],[0.],[0.]
12-23-21-427232,5.6 0,5.6 0,[0.],[0.],[0.],[0.],[0.]
12-23-21-436260,5.6 0,5.6 0,[0.],[0.],[0.],[0.],[0.]
12-23-21-446258,5.6 0,5.6 0,[0.],[0.],[0.],[0.],[0.]
12-23-21-456788,5.6 0,5.6 0,[0.],[0.],[0.],[0.],[0.]
12-23-21-465788,5.6 0,5.6 0,[0.],[0.],[0.],[0.],[0.]
12-23-21-476789,5.6 0,5.6 0,[0.],[0.],[0.],[0.],[0.]
12-23-21-485789,5.6 0,5.6 0,[0.],[0.],[0.],[0.],[0.]
12-23-21-495797,5.6 0,5.6 0,[0.],[0.],[0.],[0.],[0.]
12-23-21-505790,5.6 0,5.6 0,[0.],[0.],[0.],[0.],[0.]
12-23-21-515800,5.6 0,5.6 0,[0.],[0.],[0.],[0.],[0.]
12-23-21-525797,5.6 0,5.6 0,[0.],[0.],[0.],[0.],[0.]
12-23-21-535794,5.6 0,5.6 0,[0.],[0.],[0.],[0.],[0.]
12-23-21-545804,5.6 0,5.6 0,[0.],[0.],[0.],[0.],[0.]
12-23-21-556327,5.6 0,5.6 0,[0.],[0.],[0.],[0.],[0.]
12-23-21-567329,5.6 0,5.6 0,[0.],[0.],[0.],[0.],[0.]
12-23-21-577322,5.6 0,5.6 0,[0.],[0.],[0.],[0.],[0.]
12-23-21-587320,5.6 0,5.6 0,[0.],[0.],[0.],[0.],[0.]
12-23-21-597319,5.6 0,5.6 0,[0.],[0.],[0.],[0.],[0.]
12-23-21-606319,5.6 0,5.6 0,[0.],[0.],[0.],[0.],[0.]
12-23-21-617317,5.6 0,5.6 0,[0.],[0.],[0.],[0.],[0.]
12-23-21-626318,5.6 0,5.6 0,[0.],[0.],[0.],[0.],[0.]
12-23-21-636347,5.6 0,5.6 0,[0.],[0.],[0.],[0.],[0.]
12-23-21-648855,5.6 0,5.6 0,[0.],[0.],[0.],[0.],[0.]
12-23-21-657660,5.6 0,5.6 0,[0.],[0.],[0.],[0.],[0.]
12-23-21-666174,5.6 0,5.6 0,[0.],[0.],[0.],[0.],[0.]
12-23-21-678174,5.6 0,5.6 0,[0.],[0.],[0.],[0.],[0.]
12-23-21-687174,5.6 0,5.6 0,[0.],[0.],[0.],[0.],[0.]
12-23-21-696236,5.6 0,5.6 0,[0.],[0.],[0.],[0.],[0.]
12-23-21-706187,5.6 0,5.6 0,[0.],[0.],[0.],[0.],[0.]
12-23-21-717183,5.6 0,5.6 0,[0.],[0.],[0.],[0.],[0.]
12-23-21-727184,5.6 0,5.6 0,[0.],[0.],[0.],[0.],[0.]
12-23-21-736195,5.6 0,5.6 0,[0.],[0.],[0.],[0.],[0.]
12-23-21-746196,5.6 0,5.6 0,[0.],[0.],[0.],[0.],[0.]
12-23-21-756702,5.6 0,5.6 0,[0.],[0.],[0.],[0.],[0.]
12-23-21-766702,5.6 0,5.6 0,[0.],[0.],[0.],[0.],[0.]
12-23-21-776693,5.6 0,5.6 0,[0.],[0.],[0.],[0.],[0.]
12-23-21-786691,5.6 0,5.6 0,[0.],[0.],[0.],[0.],[0.]
12-23-21-797691,5.6 0,5.6 0,[0.],[0.],[0.],[0.],[0.]
12-23-21-805693,5.6 0,5.6 0,[0.],[0.],[0.],[0.],[0.]
12-23-21-816692,5.6 0,5.6 0,[0.],[0.],[0.],[0.],[0.]
12-23-21-826704,5.6 0,5.6 0,[0.],[0.],[0.],[0.],[0.]
12-23-21-836696,5.6 0,5.6 0,[0.],[0.],[0.],[0.],[0.]
12-23-21-845704,5.6 0,5.6 0,[0.],[0.],[0.],[0.],[0.]
12-23-21-855848,5.6 0,5.6 0,[0.],[0.],[0.],[0.],[0.]
12-23-21-866848,5.6 0,5.6 0,[0.],[0.],[0.],[0.],[0.]
12-23-21-876850,5.6 0,5.6 0,[0.],[0.],[0.],[0.],[0.]
12-23-21-885851,5.6 0,5.6 0,[0.],[0.],[0.],[0.],[0.]
12-23-21-895886,5.6 0,5.6 0,[0.],[0.],[0.],[0.],[0.]
12-23-21-906849,5.6 0,5.6 0,[0.],[0.],[0.],[0.],[0.]
12-23-21-916847,5.6 0,5.6 0,[0.],[0.],[0.],[0.],[0.]
12-23-21-925847,5.6 0,5.6 0,[0.],[0.],[0.],[0.],[0.]
12-23-21-935854,5.6 0,5.6 0,[0.],[0.],[0.],[0.],[0.]
12-23-21-945855,5.6 0,5.6 0,[0.],[0.],[0.],[0.],[0.]
12-23-21-956364,5.6 0,5.6 0,[0.],[0.],[0.],[0.],[0.]
12-23-21-966364,5.6 0,5.6 0,[0.],[0.],[0.],[0.],[0.]
12-23-21-976405,5.6 0,5.6 0,[0.],[0.],[0.],[0.],[0.]
12-23-21-985907,5.6 0,5.6 0,[0.],[0.],[0.],[0.],[0.]
12-23-21-996424,5.6 0,5.6 0,[0.],[0.],[0.],[0.],[0.]
12-23-22-006391,5.6 0,5.6 0,[0.],[0.],[0.],[0.],[0.]
12-23-22-016391,5.6 0,5.6 0,[0.],[0.],[0.],[0.],[0.]
12-23-22-026424,5.6 0,5.6 0,[0.],[0.],[0.],[0.],[0.]
12-23-22-035475,5.6 0,5.6 0,[0.],[0.],[0.],[0.],[0.]
12-23-22-046469,5.6 0,5.6 0,[0.],[0.],[0.],[0.],[0.]
12-23-22-056055,5.6 0,5.6 0,[0.],[0.],[0.],[0.],[0.]
12-23-22-067055,5.6 0,5.6 0,[0.],[0.],[0.],[0.],[0.]
12-23-22-076058,5.6 0,5.6 0,[0.],[0.],[0.],[0.],[0.]
12-23-22-087017,5.6 0,5.6 0,[0.],[0.],[0.],[0.],[0.]
12-23-22-096054,5.6 0,5.6 0,[0.],[0.],[0.],[0.],[0.]
12-23-22-106056,5.6 0,5.6 0,[0.],[0.],[0.],[0.],[0.]
12-23-22-117055,5.6 0,5.6 0,[0.],[0.],[0.],[0.],[0.]
12-23-22-127055,5.6 0,5.6 0,[0.],[0.],[0.],[0.],[0.]
12-23-22-136102,5.6 0,5.6 0,[0.],[0.],[0.],[0.],[0.]
12-23-22-147063,5.6 0,5.6 0,[0.],[0.],[0.],[0.],[0.]
12-23-22-156578,5.6 0,5.6 0,[0.],[0.],[0.],[0.],[0.]
12-23-22-165579,5.6 0,5.6 0,[0.],[0.],[0.],[0.],[0.]
12-23-22-177578,5.6 0,5.6 0,[0.],[0.],[0.],[0.],[0.]
12-23-22-186578,5.6 0,5.6 0,[0.],[0.],[0.],[0.],[0.]
12-23-22-195578,5.6 0,5.6 0,[0.],[0.],[0.],[0.],[0.]
12-23-22-206578,5.6 0,5.6 0,[0.],[0.],[0.],[0.],[0.]
12-23-22-216578,5.6 0,5.6 0,[0.],[0.],[0.],[0.],[0.]
12-23-22-225582,5.6 0,5.6 0,[0.],[0.],[0.],[0.],[0.]
12-23-22-236086,5.6 0,5.6 0,[0.],[0.],[0.],[0.],[0.]
12-23-22-246315,5.6 0,5.6 0,[0.],[0.],[0.],[0.],[0.]
12-23-22-256357,5.6 0,5.6 0,[0.],[0.],[0.],[0.],[0.]
12-23-22-266359,5.6 0,5.6 0,[0.],[0.],[0.],[0.],[0.]
12-23-22-276363,5.6 0,5.6 0,[0.],[0.],[0.],[0.],[0.]
12-23-22-287362,5.6 0,5.6 0,[0.],[0.],[0.],[0.],[0.]
12-23-22-296362,5.6 0,5.6 0,[0.],[0.],[0.],[0.],[0.]
12-23-22-307362,5.6 0,5.6 0,[0.],[0.],[0.],[0.],[0.]
12-23-22-316362,5.6 0,5.6 0,[0.],[0.],[0.],[0.],[0.]
12-23-22-326395,5.6 0,5.6 0,[0.],[0.],[0.],[0.],[0.]
12-23-22-336438,5.6 0,5.6 0,[0.],[0.],[0.],[0.],[0.]
12-23-22-346441,5.6 0,5.6 0,[0.],[0.],[0.],[0.],[0.]
12-23-22-355925,5.6 0,5.6 0,[0.],[0.],[0.],[0.],[0.]
12-23-22-365959,5.6 0,5.6 0,[0.],[0.],[0.],[0.],[0.]
12-23-22-375959,5.6 0,5.6 0,[0.],[0.],[0.],[0.],[0.]
12-23-22-386922,5.6 0,5.6 0,[0.],[0.],[0.],[0.],[0.]
12-23-22-396926,5.6 0,5.6 0,[0.],[0.],[0.],[0.],[0.]
12-23-22-406927,5.6 0,5.6 0,[0.],[0.],[0.],[0.],[0.]
12-23-22-415961,5.6 0,5.6 0,[0.],[0.],[0.],[0.],[0.]
12-23-22-426923,5.6 0,5.6 0,[0.],[0.],[0.],[0.],[0.]
12-23-22-435929,5.6 0,5.6 0,[0.],[0.],[0.],[0.],[0.]
12-23-22-446929,5.6 0,5.6 0,[0.],[0.],[0.],[0.],[0.]
12-23-22-456442,5.6 0,5.6 0,[0.],[0.],[0.],[0.],[0.]
12-23-22-466440,5.6 0,5.6 0,[0.],[0.],[0.],[0.],[0.]
12-23-22-477442,5.6 0,5.6 0,[0.],[0.],[0.],[0.],[0.]
12-23-22-486440,5.6 0,5.6 0,[0.],[0.],[0.],[0.],[0.]
12-23-22-495440,5.6 0,5.6 0,[0.],[0.],[0.],[0.],[0.]
12-23-22-505441,5.6 0,5.6 0,[0.],[0.],[0.],[0.],[0.]
12-23-22-516440,5.6 0,5.6 0,[0.],[0.],[0.],[0.],[0.]
12-23-22-526442,5.6 0,5.6 0,[0.],[0.],[0.],[0.],[0.]
12-23-22-535475,5.6 0,5.6 0,[0.],[0.],[0.],[0.],[0.]
12-23-22-545517,5.6 0,5.6 0,[0.],[0.],[0.],[0.],[0.]
12-23-22-555599,5.6 0,5.6 0,[0.],[0.],[0.],[0.],[0.]
12-23-22-565603,5.6 0,5.6 0,[0.],[0.],[0.],[0.],[0.]
12-23-22-576567,5.6 0,5.6 0,[0.],[0.],[0.],[0.],[0.]
12-23-22-585567,5.6 0,5.6 0,[0.],[0.],[0.],[0.],[0.]
12-23-22-596567,5.6 0,5.6 0,[0.],[0.],[0.],[0.],[0.]
12-23-22-606567,5.6 0,5.6 0,[0.],[0.],[0.],[0.],[0.]
12-23-22-616567,5.6 0,5.6 0,[0.],[0.],[0.],[0.],[0.]
12-23-22-626567,5.6 0,5.6 0,[0.],[0.],[0.],[0.],[0.]
12-23-22-635567,5.6 0,5.6 0,[0.],[0.],[0.],[0.],[0.]
12-23-22-645610,5.6 0,5.6 0,[0.],[0.],[0.],[0.],[0.]
12-23-22-655625,5.6 0,5.6 0,[0.],[0.],[0.],[0.],[0.]
12-23-22-667624,5.6 0,5.6 0,[0.],[0.],[0.],[0.],[0.]
12-23-22-675624,5.6 0,5.6 0,[0.],[0.],[0.],[0.],[0.]
12-23-22-685624,5.6 0,5.6 0,[0.],[0.],[0.],[0.],[0.]
12-23-22-695659,5.6 0,5.6 0,[0.],[0.],[0.],[0.],[0.]
